id,name,total_number_of_students,students_at_this_campus,tuition_fees,medicine_health_science_per,natural_sciences_mathematics_per,law_economic_and_social_sciences_per,humanities_languages_per,engineering_science_incl_computer_science_per,other_studies_per,bachelors_degree_per,masters_degree_percentage_per,departments
2,Albert-Ludwigs-Universität Freiburg,24194,24194,There are no study fees.,0.153,0.187,0.262,0.217,0.085,0.096,0.424,0.239,"Biology / Bioscience, Business Administration, Chemistry, Computer Science, Dentistry, Economics, Education Science, English / North American Studies, Geography, Geoscience, German Language and Literature, Interdisciplinary programmes, Law, Mathematics, Medicine, Nursing Science, Pharmacy, Physics, Political Science, Psychology, Romance Studies, Sports Sciences"
4,Ruprecht-Karls-Universität Heidelberg,28281,26469,There are no study fees.,0.151,0.262,0.226,0.292,0.031,0.038,0.443,0.211,"Biology / Bioscience, Chemistry, Computer Science (Medizinische Fakultät Heidelberg), Computer Science (Fakultät für Mathematik und Informatik), Dentistry, Economics, Education Science, English / North American Studies, Geography, Geoscience, German Language and Literature, Law, Mathematics, Medicine, Pharmacy, Physics, Political Science, Psychology, Romance Studies, Sports Sciences"
6,Universität Hohenheim,8886,8886,There are no study fees.,0,0.068,0.51,0.013,0,0.408,0.608,0.374,"Biology / Bioscience, Biotechnology, Business Administration, Business Informatics, Chemical Engineering, Economic Sciences, Economics"
8,Karlsruher Institut für Technologie,24329,24329,There are no study fees.,0,0.17,0.144,0.036,0.62,0.029,0.568,0.376,"Architecture, Biology / Bioscience, Biotechnology, Business Informatics, Chemical Engineering, Chemistry, Civil Engineering, Computer Science, Education Science, Electrical / Information Engineering, Environmental Civil Engineering, Geography, Geoscience, German Language and Literature, Industrial Engineering, Interdisciplinary programmes, Materials Science / Engineering, Mathematics, Mechanical Engineering, Mechatronics, Physics, Sports Sciences"
10,Universität Konstanz,10983,10983,There are no study fees.,0.004,0.209,0.494,0.214,0.047,0.032,0.494,0.193,"Biology / Bioscience, Chemistry, Computer Science, Economic Sciences, English / North American Studies, German Language and Literature, Law, Mathematics, Physics, Political Science, Psychology, Romance Studies, Sports Sciences"
12,Universität Mannheim,11790,11790,There are no study fees.,0,0.042,0.66,0.177,0.06,0.062,0.579,0.268,"Business Administration, Business Informatics, Economics, English / North American Studies, German Language and Literature, Law, Political Science, Psychology, Romance Studies"
14,Universität Stuttgart,25245,25245,There are no study fees.,0,0.108,0.071,0.113,0.663,0.045,0.509,0.381,"Architecture, Biology / Bioscience, Business Administration, Business Informatics, Chemistry, Civil Engineering, Computer Science, Education Science, Electrical / Information Engineering, English / North American Studies, Environmental Civil Engineering, Geoscience, German Language and Literature, Interdisciplinary programmes, Materials Science / Engineering, Mathematics, Mechanical Engineering, Mechanical Engineering, Mechatronics, Physics, Political Science, Process Engineering, Romance Studies, Sports Sciences"
16,Eberhard Karls Universität Tübingen,27205,27205,There are no study fees.,0.145,0.203,0.278,0.299,0.05,0.024,0.398,0.19,"Biology / Bioscience, Business Administration, Chemistry, Computer Science, Dentistry, Economics, Education Science, English / North American Studies, Geography, Geoscience, German Language and Literature, Law, Mathematics, Medicine, Pharmacy, Physics, Political Science, Psychology, Romance Studies, Sports Sciences"
18,Universität Ulm,10305,10305,There are no study fees.,0.315,0.307,0.192,0,0.185,0.002,0.415,0.267,"Biology / Bioscience, Biotechnology, Chemical Engineering, Chemistry, Computer Science, Dentistry, Economic Sciences, Electrical / Information Engineering, Interdisciplinary programmes, Mathematics, Medicine, Physics, Psychology"
22,Universität Augsburg,19657,19657,There are no study fees.,0,0.134,0.481,0.246,0.09,0.05,0.494,0.153,"Business Administration (Wirtschaftswissenschaftliche Fakultät), Business Administration (Wirtschaftswissenschaftliche Fakultät - FIM), Business Informatics, Computer Science, Economics, Education Science, English / North American Studies, Geography, German Language and Literature, Industrial Engineering, Law, Materials Science / Engineering, Mathematics, Physics, Political Science, Romance Studies, Sports Sciences"
24,Otto-Friedrich-Universität Bamberg,12503,12503,There are no study fees.,0,0.035,0.547,0.246,0.158,0.014,0.428,0.333,"Business Administration, Business Informatics, Computer Science, Economics, Education Science, English / North American Studies, Geography, German Language and Literature, Political Science, Psychology, Romance Studies"
26,Universität Bayreuth,13042,13042,There are no study fees.,0.034,0.223,0.469,0.156,0.091,0.027,0.527,0.277,"Biology / Bioscience, Biotechnology, Business Administration (Rechts- und Wirtschaftswissenschaftliche Fakultät - FIM), Business Administration (Rechts- und Wirtschaftswissenschaftliche Fakultät), Chemistry, Computer Science, Economics, Education Science, English / North American Studies, Environmental Engineering, Geography, Geoscience, German Language and Literature, Industrial Engineering, Interdisciplinary programmes, Law, Materials Science / Engineering, Mathematics, Mechanical Engineering, Mechatronics, Physics, Process Engineering, Romance Studies, Sports Sciences"
28,Katholische Universität Eichstätt-Ingolstadt,4864,3931,There are no study fees.,0.015,0.145,0.449,0.348,0.002,0.041,0.488,0.187,"English / North American Studies, Geography, German Language and Literature, Mathematics, Nursing Science, Political Science, Psychology, Romance Studies, Social Policy and Social Work"
30,Friedrich-Alexander-Universität Erlangen-Nürnberg,37769,28538,There are no study fees.,0.128,0.179,0.196,0.116,0.353,0.028,0.412,0.252,"Biology / Bioscience, Biotechnology, Chemical Engineering, Chemistry, Computer Science, Dentistry, Education Science, Electrical / Information Engineering, English / North American Studies, Geography, Geoscience, German Language and Literature, Industrial Engineering, Interdisciplinary programmes, Interdisciplinary programmes, Law, Materials Science / Engineering, Mathematics, Mechanical Engineering, Mechatronics, Medicine, Pharmacy, Physics, Political Science, Process Engineering, Psychology, Romance Studies, Sports Sciences"
32,Ludwig-Maximilians-Universität München,54745,51164,There are no study fees.,0.13,0.196,0.288,0.275,0.049,0.061,0.392,0.135,"Biology / Bioscience, Business Administration, Chemistry, Computer Science, Dentistry, Economics, Education Science, English / North American Studies, Geography, Geoscience, German Language and Literature, Law, Mathematics, Medicine, Pharmacy, Physics, Political Science, Psychology, Romance Studies"
34,Technische Universität München,40632,19494,There are no study fees.,0.182,0.019,0.269,0.001,0.47,0.059,0.412,0.413,"Architecture, Business Administration (Fakultät für Wirtschaftswissenschaften), Business Administration (Fakultät für Wirtschaftswissenschaften - FIM), Civil Engineering, Electrical / Information Engineering, Environmental Civil Engineering, Geoscience, Interdisciplinary programmes, Medicine, Political Science, Sports Sciences"
36,Universität der Bundeswehr München,3271,3271,There are no study fees.,0,0,0.479,0,0.457,0.064,0.785,0.213,"Business Informatics, Civil Engineering, Computer Science, Economic Sciences, Education Science, Electrical / Information Engineering, Mechanical Engineering, Psychology, Sports Sciences"
40,Universität Passau,12555,12555,There are no study fees.,0,0.052,0.411,0.326,0.2,0.011,0.452,0.173,"Business Administration, Business Informatics, Computer Science, Economics, English / North American Studies, Geography, German Language and Literature, Law, Mathematics, Political Science, Romance Studies, Sports Sciences"
42,Universität Regensburg,20731,20731,"max. 98,00",0.103,0.226,0.311,0.273,0.039,0.048,0.395,0.138,"Biology / Bioscience, Business Administration, Business Informatics, Chemistry, Computer Science, Dentistry, Economics, Education Science, English / North American Studies, German Language and Literature, Law, Mathematics, Medicine, Pharmacy, Physics, Political Science, Psychology, Romance Studies, Sports Sciences"
44,Julius-Maximilians-Universität Würzburg,27613,27613,There are no study fees.,0.122,0.241,0.329,0.209,0.074,0.024,0.386,0.135,"Biology / Bioscience, Business Administration, Business Informatics, Chemistry, Computer Science, Dentistry, Economic Sciences, Economics, Education Science, English / North American Studies, Geography, German Language and Literature, Law, Mathematics, Medicine, Pharmacy, Physics, Political Science, Psychology, Romance Studies, Sports Sciences"
46,Freie Universität Berlin,37483,37483,There are no study fees.,0,0.197,0.351,0.272,0.059,0.122,0.439,0.235,"Biology / Bioscience, Business Administration, Chemistry, Computer Science, Dentistry, Economics, Education Science, English / North American Studies (Fachbereich Philosophie und Geisteswissenschaften), English / North American Studies (John-F.-Kennedy-Institut für Nordamerikastudien), Geography, Geoscience, German Language and Literature, Law, Mathematics, Medicine, Pharmacy, Physics, Political Science, Psychology, Romance Studies"
48,Technische Universität Berlin,35436,35436,There are no study fees.,0,0.162,0.059,0.056,0.719,0.004,0.578,0.358,"Architecture, Biotechnology, Business Administration, Chemical Engineering, Chemistry, Civil Engineering, Computer Science, Economics, Electrical / Information Engineering, Environmental Engineering, Geoscience, Industrial Engineering, Interdisciplinary programmes, Interdisciplinary programmes, Interdisciplinary programmes, Materials Science / Engineering, Mathematics, Mechanical Engineering, Physics, Process Engineering"
50,Humboldt-Universität zu Berlin,34732,34732,There are no study fees.,0,0.167,0.328,0.328,0.039,0.137,0.428,0.242,"Biology / Bioscience, Business Administration, Business Informatics, Chemistry, Computer Science, Dentistry, Economics, Education Science, English / North American Studies, Geography, German Language and Literature, Law, Mathematics, Medicine, Physics, Political Science, Psychology, Romance Studies, Sports Sciences"
52,ESCP Europe Wirtschaftshochschule Berlin,608,608,"min. 11.100,00",0,0,1,0,0,0,0.192,0.591,Business Administration
54,Brandenburgische Technische Universität Cottbus-Senftenberg,7276,6012,There are no study fees.,0,0.031,0.313,0.029,0.596,0.03,0.558,0.395,"Architecture, Business Administration, Civil Engineering, Computer Science, Electrical / Information Engineering, Environmental Engineering, Geoscience, Industrial Engineering, Interdisciplinary programmes, Materials Science / Engineering, Mathematics, Mechanical Engineering, Physics, Process Engineering"
56,Europa-Universität Viadrina Frankfurt (Oder),6437,6437,There are no study fees.,0,0,0.609,0.391,0,0,0.487,0.24,"Business Administration, German Language and Literature, Law"
58,Universität Potsdam,20881,20881,There are no study fees.,0,0.194,0.363,0.301,0.07,0.071,0.428,0.219,"Biology / Bioscience, Business Administration, Business Informatics, Chemistry, Computer Science, Economics, Education Science, English / North American Studies, Geography, Geoscience (Lehreinheit Geoökologie), Geoscience (Lehreinheit Geowissenschaften), German Language and Literature, Law, Mathematics, Physics, Political Science, Psychology, Romance Studies, Sports Sciences"
60,Universität Bremen,18946,18946,There are no study fees.,0.05,0.188,0.36,0.161,0.224,0.017,0.555,0.223,"Biology / Bioscience, Business Administration, Business Informatics, Chemistry, Computer Science, Education Science, Electrical / Information Engineering, English / North American Studies, Geography, Geoscience, German Language and Literature, Industrial Engineering (Fachbereich 04: Produktionstechnik), Industrial Engineering (Fachbereich 01: Physik/Elektrotechnik), Law, Materials Science / Engineering, Mathematics, Mechanical Engineering, Mechatronics, Nursing Science, Physics, Political Science, Psychology, Romance Studies"
61,Jacobs University Bremen gGmbH,1388,1388,no data,0,0.232,0.456,0.008,0.252,0.052,0.777,0.159,"Biology / Bioscience, Chemistry, Computer Science, Economic Sciences, Geoscience, Industrial Engineering, Interdisciplinary programmes, Mathematics, Physics, Political Science, Psychology"
62,Universität Hamburg,43211,43211,There are no study fees.,0.099,0.178,0.495,0.144,0.053,0.031,0.437,0.198,"Biology / Bioscience, Business Administration, Business Informatics, Chemistry, Computer Science, Dentistry, Economics, Education Science, English / North American Studies, Geography, Geoscience, German Language and Literature, Industrial Engineering, Law, Mathematics, Medicine, Pharmacy, Physics, Political Science, Psychology, Romance Studies, Sports Sciences"
64,Technische Universität Hamburg,7812,7812,There are no study fees.,0,0.037,0.101,0,0.85,0.013,0.584,0.326,"Biotechnology, Biotechnology, Business Administration, Civil Engineering, Computer Science, Electrical / Information Engineering, Environmental Civil Engineering, Industrial Engineering, Interdisciplinary programmes, Interdisciplinary programmes, Materials Science / Engineering, Mathematics, Mechanical Engineering, Mechatronics, Process Engineering"
66,Helmut-Schmidt-Universität - Universität der Bundeswehr Hamburg,2775,2775,"min. 6.000,00",0.011,0,0.643,0.089,0.148,0.108,0.619,0.381,"Business Administration, Civil Engineering, Economics, Education Science, Electrical / Information Engineering, Industrial Engineering, Interdisciplinary programmes, Interdisciplinary programmes, Law, Mechanical Engineering, Mechatronics, Political Science, Psychology"
68,HafenCity Universität Hamburg,2321,2321,There are no study fees.,0,0,0,0.106,0.894,0,0.654,0.329,"Architecture, Civil Engineering"
69,Kühne Logistics University,301,301,"min. 5480,00",0,0,1,0,0,0,0.348,0.652,Business Administration
70,Technische Universität Darmstadt,25889,25889,There are no study fees.,0,0.165,0.109,0.05,0.669,0.006,0.591,0.348,"Architecture, Biology / Bioscience, Business Informatics, Chemistry, Civil Engineering, Computer Science, Education Science, Electrical / Information Engineering, Environmental Civil Engineering, Geoscience, German Language and Literature, Industrial Engineering, Interdisciplinary programmes, Materials Science / Engineering, Mathematics, Mechanical Engineering, Mechatronics, Physics, Political Science, Psychology, Sports Sciences"
72,Johann Wolfgang Goethe-Universität Frankfurt am Main,46482,46482,There are no study fees.,0.083,0.201,0.383,0.212,0.058,0.063,0.484,0.16,"Biology / Bioscience, Business Administration, Business Informatics, Chemistry, Computer Science, Dentistry, Economic Sciences, Economics, Education Science, English / North American Studies, Geography, Geoscience, German Language and Literature, Law, Mathematics, Medicine, Pharmacy, Physics, Political Science, Psychology, Romance Studies, Sports Sciences"
74,Justus-Liebig-Universität Giessen,28039,28039,There are no study fees.,0.107,0.174,0.334,0.144,0.015,0.227,0.362,0.173,"Biology / Bioscience, Business Administration, Chemistry, Dentistry, Economic Sciences, Economics, Education Science, English / North American Studies, Geography, German Language and Literature, Law, Mathematics, Medicine, Physics, Political Science, Psychology, Romance Studies, Sports Sciences"
76,Philipps-Universität Marburg,23939,23939,There are no study fees.,0.129,0.22,0.326,0.21,0.063,0.051,0.431,0.163,"Biology / Bioscience, Business Administration, Business Informatics, Chemistry, Computer Science, Dentistry, Economics, Education Science, English / North American Studies, Geography, German Language and Literature, Law, Mathematics, Medicine, Pharmacy, Physics, Political Science, Psychology, Romance Studies, Sports Sciences"
77,Hochschule Macromedia,3276,662,"min. 890,00",0,0,0.704,0,0,0.296,0.795,0.095,Business Administration
78,EBS Universität für Wirtschaft und Recht,2012,1556,"min. 6.950,00",0,0,1,0,0,0,0.377,0.549,Business Administration
80,Universität Greifswald,10179,10179,There are no study fees.,0.205,0.279,0.312,0.179,0,0.025,0.299,0.144,"Biology / Bioscience, Business Administration, Dentistry, English / North American Studies, Geography, Geoscience, German Language and Literature, Law, Mathematics, Medicine, Pharmacy, Physics, Political Science, Psychology"
82,Universität Rostock,13322,13322,There are no study fees.,0.165,0.155,0.263,0.167,0.204,0.046,0.358,0.179,"Biology / Bioscience, Biotechnology, Business Administration, Business Informatics, Chemistry, Computer Science, Dentistry, Economic Sciences, Economics, Education Science, Electrical / Information Engineering, English / North American Studies, Environmental Civil Engineering, German Language and Literature, Industrial Engineering, Interdisciplinary programmes, Mathematics, Mechanical Engineering, Mechatronics, Medicine, Physics, Political Science, Romance Studies, Sports Sciences"
84,Technische Universität Carolo-Wilhelmina zu Braunschweig,19980,19980,There are no study fees.,0,0.194,0.097,0.087,0.597,0.025,0.595,0.307,"Architecture, Biology / Bioscience, Biotechnology, Business Administration, Business Informatics, Chemistry, Civil Engineering, Computer Science, Education Science, Electrical / Information Engineering, English / North American Studies, Environmental Civil Engineering, Geoscience, German Language and Literature, Industrial Engineering (Fakultät für Architektur, Bauingenieurwesen und Umweltwissenschaften), Industrial Engineering (Fakultät für Maschinenbau), Industrial Engineering (Fakultät für Elektrotechnik, Informationstechnik, Physik), Mathematics, Mechanical Engineering, Mechatronics, Pharmacy, Physics, Political Science, Psychology, Sports Sciences"
86,Technische Universität Clausthal,4067,4067,There are no study fees.,0,0.105,0.183,0,0.713,0,0.594,0.406,"Business Administration, Business Informatics, Chemical Engineering, Chemistry, Computer Science, Electrical / Information Engineering, Geoscience, Industrial Engineering, Materials Science / Engineering, Mechanical Engineering"
88,Georg-August-Universität Göttingen,30524,30524,There are no study fees.,0.12,0.195,0.324,0.179,0.039,0.143,0.514,0.22,"Biology / Bioscience, Business Administration, Business Informatics, Chemistry, Computer Science, Dentistry, Economics, Education Science, English / North American Studies, Geography, Geoscience, German Language and Literature, Law, Mathematics, Medicine, Physics, Political Science, Psychology, Romance Studies, Sports Sciences"
90,Gottfried Wilhelm Leibniz Universität Hannover,29676,29676,There are no study fees.,0,0.181,0.305,0.085,0.366,0.064,0.545,0.271,"Architecture, Biology / Bioscience, Biotechnology, Chemistry, Civil Engineering, Computer Science, Economic Sciences, Education Science, Electrical / Information Engineering, English / North American Studies, Geography, Geoscience (Fakultät für Bauingenieurwesen und Geodäsie), Geoscience (Naturwissenschaftliche Fakultät), German Language and Literature, Industrial Engineering, Interdisciplinary programmes, Law, Mathematics, Mechanical Engineering, Mechatronics (Fakultät für Maschinenbau), Mechatronics (Fakultät für Elektrotechnik und Informatik), Physics, Political Science, Romance Studies, Sports Sciences"
91,Medizinische Hochschule Hannover (MHH),3552,3552,There are no study fees.,0.816,0.184,0,0,0,0,0,0.095,"Biology / Bioscience, Dentistry, Medicine"
92,Stiftung Tierärztliche Hochschule Hannover,2371,2371,There are no study fees.,0,0.019,0,0,0,0.981,0,0.027,Biology / Bioscience
96,Stiftung Universität Hildesheim,8251,8251,There are no study fees.,0,0.135,0.371,0.33,0.099,0.066,0.689,0.203,"Biology / Bioscience, Business Informatics, Chemistry, Computer Science, Economic Sciences, Education Science, Geography, Mathematics, Physics, Political Science, Psychology, Sports Sciences"
98,Leuphana Universität Lüneburg,9654,9654,There are no study fees.,0.006,0.137,0.481,0.224,0.111,0.041,0.551,0.226,"Biology / Bioscience, Business Administration, Business Informatics, Chemistry, Commercial / Business Law, Economics, English / North American Studies, German Language and Literature, Industrial Engineering, Interdisciplinary programmes, Mathematics, Political Science, Psychology, Social Policy and Social Work, Sports Sciences"
100,Carl von Ossietzky Universität Oldenburg,15444,15444,There are no study fees.,0.019,0.266,0.336,0.2,0.106,0.073,0.632,0.198,"Biology / Bioscience, Business Informatics, Chemistry, Computer Science, Economic Sciences, Economics, Education Science, English / North American Studies, German Language and Literature, Mathematics, Medicine, Physics, Political Science, Psychology, Sports Sciences"
101,Universität Osnabrück,13988,13988,There are no study fees.,0.053,0.161,0.386,0.269,0.078,0.053,0.463,0.154,"Biology / Bioscience, Business Administration, Business Informatics, Chemistry, Commercial / Business Law, Computer Science, Economic Sciences, Economics, Education Science, English / North American Studies, Geography, German Language and Literature, Law, Mathematics, Physics, Political Science, Psychology, Romance Studies, Sports Sciences"
103,Universität Vechta,5119,5119,There are no study fees.,0,0.137,0.535,0.268,0,0.06,0.819,0.068,"Biology / Bioscience, Education Science, English / North American Studies, Geography, German Language and Literature, Mathematics, Social Policy and Social Work, Sports Sciences"
104,Rheinisch-Westfälische Technische Hochschule Aachen,45514,45514,There are no study fees.,0.064,0.16,0.068,0.05,0.657,0,0.555,0.321,"Architecture, Biology / Bioscience, Business Administration, Chemistry, Civil Engineering, Computer Science, Dentistry, Electrical / Information Engineering, English / North American Studies, Environmental Civil Engineering, Geography, Geoscience, German Language and Literature, Industrial Engineering (Fakultät für Georessourcen und Materialtechnik), Industrial Engineering (Fakultät für Elektrotechnik und Informationstechnik), Industrial Engineering (Fakultät für Maschinenwesen), Industrial Engineering (Fakultät für Bauingenieurwesen), Materials Science / Engineering, Mathematics, Mechanical Engineering, Medicine, Physics, Political Science, Psychology"
106,Universität Bielefeld,25086,25086,There are no study fees.,0.032,0.241,0.433,0.189,0.061,0.044,0.463,0.17,"Biology / Bioscience (Fakultät für Biologie), Biology / Bioscience (Technische Fakultät), Chemistry, Computer Science, Economic Sciences, Education Science, English / North American Studies, German Language and Literature, Law, Mathematics, Physics, Political Science, Psychology, Romance Studies, Sports Sciences"
108,Ruhr-Universität Bochum,43123,43123,There are no study fees.,0.073,0.147,0.28,0.274,0.187,0.039,0.442,0.206,"Biology / Bioscience, Chemistry, Civil Engineering, Commercial / Business Law, Computer Science, Economic Sciences, Education Science, Electrical / Information Engineering, English / North American Studies, Environmental Civil Engineering, Geography, Geoscience, German Language and Literature, Law, Materials Science / Engineering, Mathematics, Mechanical Engineering, Medicine, Physics, Political Science (Fakultät für Sozialwissenschaft), Political Science (Fakultät für Ostasienwissenschaften), Psychology, Romance Studies, Sports Sciences"
110,Rheinische Friedrich-Wilhelms-Universität Bonn,38329,38329,There are no study fees.,0.089,0.271,0.212,0.255,0.072,0.101,0.469,0.216,"Biology / Bioscience, Chemistry, Computer Science, Dentistry, Economics, English / North American Studies, Geography, Geoscience, German Language and Literature, Law, Mathematics, Medicine, Pharmacy, Physics, Political Science, Psychology, Romance Studies"
112,Technische Universität Dortmund,33810,33810,There are no study fees.,0,0.207,0.186,0.125,0.464,0.018,0.591,0.177,"Architecture, Biotechnology, Chemical Engineering, Chemistry, Civil Engineering, Computer Science, Economic Sciences, Education Science, Electrical / Information Engineering, English / North American Studies, German Language and Literature, Industrial Engineering, Mathematics, Mechanical Engineering, Physics, Sports Sciences"
114,Heinrich-Heine-Universität Düsseldorf,36575,36575,There are no study fees.,0.107,0.311,0.189,0.223,0.153,0.017,0.706,0.112,"Biology / Bioscience, Business Administration, Chemistry, Computer Science, Dentistry, Economics, English / North American Studies, German Language and Literature, Law, Mathematics, Medicine, Pharmacy, Physics, Political Science, Psychology, Romance Studies"
116,Universität zu Köln,53000,53000,There are no study fees.,0.097,0.214,0.353,0.306,0.017,0.012,0.395,0.155,"Biology / Bioscience, Business Administration, Business Informatics, Chemistry, Dentistry, Economics, Education Science, English / North American Studies, Geography, Geoscience, German Language and Literature, Law, Mathematics, Medicine, Physics, Political Science, Psychology, Romance Studies"
118,Deutsche Sporthochschule Köln,5713,5713,There are no study fees.,0.018,0,0.189,0,0,0.794,0.506,0.174,Sports Sciences
120,Westfälische Wilhelms-Universität Münster,44869,44869,There are no study fees.,0.073,0.255,0.316,0.276,0.04,0.041,0.343,0.147,"Biology / Bioscience, Business Administration, Business Informatics, Chemistry, Computer Science, Dentistry, Economics, Education Science, English / North American Studies, Geography, Geoscience, German Language and Literature, Law, Mathematics, Medicine, Pharmacy, Physics, Political Science, Psychology, Romance Studies, Sports Sciences"
122,Universität Witten/Herdecke,2518,2518,"min. 3.000,00",0.553,0.004,0.372,0.071,0,0,0.349,0.229,"Dentistry, Economic Sciences, Medicine, Psychology"
124,Technische Universität Kaiserslautern,14612,14612,There are no study fees.,0.038,0.172,0.398,0,0.381,0.012,0.37,0.485,"Architecture, Biology / Bioscience, Biotechnology, Business Administration, Chemical Engineering, Chemistry, Civil Engineering, Computer Science, Electrical / Information Engineering, Geography, Industrial Engineering, Interdisciplinary programmes, Materials Science / Engineering, Mathematics, Mechanical Engineering, Physics, Process Engineering, Sports Sciences"
126,Universität Koblenz-Landau,17856,9101,There are no study fees.,0,0.211,0.218,0.336,0.208,0.027,0.277,0.188,"Biology / Bioscience, Business Informatics, Computer Science, Education Science, English / North American Studies, Geography, Geoscience, German Language and Literature, Mathematics, Physics, Sports Sciences"
128,Johannes Gutenberg-Universität Mainz,31588,30186,There are no study fees.,0.13,0.21,0.337,0.224,0.024,0.076,0.391,0.156,"Biology / Bioscience, Business Administration, Chemistry, Computer Science, Dentistry, Economic Sciences, Economics, Education Science, English / North American Studies, Geography, Geoscience, German Language and Literature, Law, Mathematics, Medicine, Pharmacy, Physics, Political Science, Psychology, Romance Studies, Sports Sciences"
132,Universität Trier,12475,12475,There are no study fees.,0.015,0.113,0.564,0.26,0.041,0.008,0.444,0.189,"Biology / Bioscience, Business Administration, Business Informatics, Computer Science, Economics, Education Science, English / North American Studies, Geography, Geoscience, German Language and Literature, Law, Mathematics, Nursing Science, Political Science, Psychology, Romance Studies"
134,WHU - Otto Beisheim School of Management,1302,1302,"min. 6.900,00",0,0,1,0,0,0,0.519,0.481,Business Administration
136,Universität des Saarlandes,16160,16160,There are no study fees.,0.139,0.118,0.354,0.194,0.161,0.034,0.372,0.246,"Biology / Bioscience, Business Administration, Business Informatics, Chemistry, Computer Science, Electrical / Information Engineering, English / North American Studies, German Language and Literature, Interdisciplinary programmes, Interdisciplinary programmes, Law, Materials Science / Engineering, Mathematics, Mechatronics, Pharmacy, Physics, Psychology, Romance Studies, Sports Sciences"
137,Technische Universität Chemnitz,10378,10378,There are no study fees.,0,0.087,0.341,0.1,0.439,0.034,0.457,0.473,"Business Informatics, Chemistry, Computer Science, Economic Sciences, Education Science, Electrical / Information Engineering, English / North American Studies, German Language and Literature, Industrial Engineering, Interdisciplinary programmes, Interdisciplinary programmes, Mathematics, Mechanical Engineering, Mechatronics, Physics, Political Science, Psychology, Sports Sciences"
138,Medizinische Hochschule Brandenburg Theodor Fontane,443,443,"min. 4.110,00",0.504,0,0.496,0,0,0,0.384,0.112,Medicine
140,Technische Universität Dresden,30829,29838,There are no study fees.,0.091,0.102,0.3,0.048,0.438,0.021,0.26,0.161,"Architecture, Biology / Bioscience, Business Administration, Business Informatics, Chemistry, Civil Engineering, Computer Science, Dentistry, Economic Sciences, Economics, Education Science, English / North American Studies, Geography, German Language and Literature, Industrial Engineering, Interdisciplinary programmes, Interdisciplinary programmes, Materials Science / Engineering, Mathematics, Mechanical Engineering, Mechatronics, Medicine, Physics, Political Science, Psychology, Romance Studies"
144,Technische Universität Bergakademie Freiberg,3924,3924,There are no study fees.,0,0.297,0.191,0,0.512,0,0.308,0.398,"Business Administration, Chemistry, Computer Science, Environmental Engineering, Geoscience, Industrial Engineering, Interdisciplinary programmes, Materials Science / Engineering, Materials Science / Engineering, Mathematics, Mechanical Engineering, Process Engineering"
146,Universität Leipzig,29061,29061,There are no study fees.,0.101,0.155,0.323,0.263,0.054,0.105,0.314,0.169,"Biology / Bioscience, Business Administration, Business Informatics, Chemistry, Computer Science, Dentistry, Economic Sciences, Economics, English / North American Studies (Philologische Fakultät), English / North American Studies (Philologische Fakultät), Geography, Geoscience, German Language and Literature, Law, Mathematics, Medicine, Pharmacy, Physics, Political Science, Psychology, Romance Studies, Sports Sciences"
148,HHL Leipzig Graduate School of Management,680,680,"min. 27.000,00",0,0,1,0,0,0,0,0.909,Business Administration
150,Martin-Luther-Universität Halle-Wittenberg,20494,20494,There are no study fees.,0.106,0.166,0.492,0.108,0.035,0.093,0.403,0.164,"Biology / Bioscience (Institut für Biologie), Biology / Bioscience (Institut für Biochemie und Biotechnologie), Business Administration, Business Informatics, Chemistry, Computer Science, Dentistry, Economics, Education Science, English / North American Studies, Geography, Geoscience, German Language and Literature, Law, Mathematics, Medicine, Nursing Science, Pharmacy, Physics, Political Science, Psychology, Romance Studies, Sports Sciences"
158,Otto-von-Guericke-Universität Magdeburg,13912,13912,There are no study fees.,0.12,0.045,0.334,0.076,0.396,0.029,0.501,0.349,"Biotechnology, Business Administration, Business Informatics, Chemical Engineering, Computer Science, Economic Sciences, Economics, Education Science, Electrical / Information Engineering, Environmental Engineering, German Language and Literature, Industrial Engineering (Fakultät für Verfahrens- und Systemtechnik), Industrial Engineering (Fakultät für Maschinenbau), Industrial Engineering (Fakultät für Elektrotechnik und Informationstechnik: FEIT), Interdisciplinary programmes, Interdisciplinary programmes, Mathematics, Mechanical Engineering, Mechatronics, Medicine, Physics, Political Science, Process Engineering, Psychology, Sports Sciences"
159,Europa-Universität Flensburg,5842,5842,There are no study fees.,0.007,0.153,0.236,0.455,0.028,0.122,0.615,0.144,"Biology / Bioscience, Business Administration, Chemistry, Education Science, English / North American Studies, Geography, German Language and Literature, Industrial Engineering, Mathematics, Physics, Political Science, Romance Studies, Sports Sciences"
160,Christian-Albrechts-Universität zu Kiel,27062,27062,There are no study fees.,0.094,0.204,0.298,0.197,0.092,0.114,0.425,0.179,"Biology / Bioscience, Business Administration, Business Informatics, Chemistry, Computer Science, Dentistry, Economics, Education Science, Electrical / Information Engineering, English / North American Studies, Geography, Geoscience, German Language and Literature, Industrial Engineering, Law, Materials Science / Engineering, Mathematics, Medicine, Pharmacy, Physics, Political Science, Psychology, Romance Studies, Sports Sciences"
162,Universität zu Lübeck,4907,4907,There are no study fees.,0.397,0.174,0.09,0,0.307,0.033,0.493,0.172,"Biology / Bioscience, Computer Science, Interdisciplinary programmes, Mathematics, Medicine, Nursing Science, Physics, Psychology"
165,Universität Erfurt,5758,5758,There are no study fees.,0,0.005,0.734,0.243,0.007,0.01,0.689,0.15,"Economic Sciences, Education Science, English / North American Studies, German Language and Literature, Political Science, Psychology"
166,Technische Universität Ilmenau,5608,5608,There are no study fees.,0,0.017,0.076,0.131,0.777,0,0.606,0.354,"Business Administration, Business Informatics, Chemistry, Computer Science, Electrical / Information Engineering, Industrial Engineering, Interdisciplinary programmes, Interdisciplinary programmes, Interdisciplinary programmes, Materials Science / Engineering, Mathematics, Mechanical Engineering, Mechatronics, Physics"
168,Friedrich-Schiller-Universität Jena,17179,17179,There are no study fees.,0.137,0.233,0.335,0.185,0.036,0.075,0.327,0.214,"Biology / Bioscience, Business Administration, Business Informatics, Chemistry, Computer Science, Dentistry, Economic Sciences, Economics, Education Science, English / North American Studies, Geography, Geoscience (Studiengänge Biogeowissenschaften), Geoscience (Institut für Geowissenschaften, Studiengänge Geowissenschaften), German Language and Literature, Law, Materials Science / Engineering, Mathematics, Medicine, Pharmacy, Physics, Political Science, Psychology, Romance Studies, Sports Sciences"
170,Bauhaus-Universität Weimar,3735,3735,There are no study fees.,0,0,0.001,0.08,0.678,0.241,0.459,0.452,"Architecture, Civil Engineering, Computer Science, Environmental Civil Engineering, Industrial Engineering, Materials Science / Engineering"
172,Universität Kassel,25149,23974,There are no study fees.,0.001,0.109,0.425,0.129,0.266,0.069,0.526,0.238,"Architecture, Biology / Bioscience, Business Administration, Civil Engineering, Commercial / Business Law, Computer Science, Economic Sciences, Electrical / Information Engineering, English / North American Studies, Environmental Civil Engineering, German Language and Literature, Industrial Engineering, Mathematics, Mechanical Engineering, Mechatronics, Physics, Political Science, Psychology, Romance Studies, Social Policy and Social Work, Sports Sciences"
174,Universität Duisburg-Essen,42471,15871,There are no study fees.,0,0.065,0.373,0.007,0.556,0,0.695,0.296,"Business Administration, Computer Science, Electrical / Information Engineering, Industrial Engineering, Interdisciplinary programmes, Interdisciplinary programmes, Materials Science / Engineering, Mechanical Engineering, Mechanical Engineering, Physics, Political Science"
176,Universität Duisburg-Essen,42471,26600,There are no study fees.,0.088,0.232,0.2,0.278,0.18,0.021,0.469,0.121,"Biology / Bioscience, Business Administration, Business Informatics, Chemistry, Civil Engineering, Computer Science, Economics, Education Science, English / North American Studies, German Language and Literature, Mathematics, Medicine, Psychology, Romance Studies, Social Policy and Social Work, Sports Sciences"
180,Universität Paderborn,20381,20381,There are no study fees.,0,0.093,0.226,0.334,0.282,0.064,0.45,0.182,"Business Administration, Business Informatics, Chemical Engineering, Chemistry, Computer Science, Economic Sciences, Education Science, Electrical / Information Engineering, English / North American Studies, German Language and Literature, Industrial Engineering (Fakultät für Elektrotechnik, Informatik und Mathematik), Industrial Engineering (Fakultät für Maschinenbau), Interdisciplinary programmes, Mathematics, Mechanical Engineering, Physics, Romance Studies, Sports Sciences"
182,Universität Siegen,19468,19468,There are no study fees.,0,0.089,0.349,0.309,0.248,0.005,0.56,0.176,"Architecture, Biology / Bioscience, Business Administration, Business Informatics, Chemistry, Civil Engineering, Commercial / Business Law, Computer Science, Economics, Education Science, Electrical / Information Engineering, English / North American Studies, German Language and Literature, Industrial Engineering, Materials Science / Engineering, Mathematics, Mechanical Engineering, Mechanical Engineering, Mechatronics, Physics, Political Science, Psychology, Romance Studies, Social Policy and Social Work"
184,Bergische Universität Wuppertal,22491,22491,There are no study fees.,0.012,0.209,0.225,0.24,0.268,0.047,0.572,0.16,"Architecture, Biology / Bioscience, Chemistry, Civil Engineering, Economic Sciences, Education Science, Electrical / Information Engineering, English / North American Studies, Geography, German Language and Literature, Industrial Engineering (Fakultät für Elektrotechnik, Informationstechnik und Medientechnik), Industrial Engineering (Fakultät für Architektur und Bauingenieurwesen), Interdisciplinary programmes, Mathematics, Mechanical Engineering, Mechanical Engineering, Physics, Political Science, Psychology, Romance Studies, Sports Sciences"
190,Psychologische Hochschule Berlin,399,399,"min. 193,80",0,0,1,0,0,0,0.07,0.93,Psychology
198,Hasso-Plattner-Institut für Digital Engineering gGmbH,20616,660,There are no study fees.,0,0,0,0,1,0,0.66,0.34,Computer Science
252,Staatliche Akademie der Bildenden Künste Stuttgart,891,891,There are no study fees.,0,0,0,0,0.165,0.835,0.119,0.145,Architecture
266,MSH Medical School Hamburg,2853,2853,"min. 390,00",0.186,0,0.73,0,0,0.083,0.757,0.243,"Nursing Science, Psychology, Social Policy and Social Work"
268,Universität der Künste Berlin,3913,3913,There are no study fees.,0,0,0.001,0,0.097,0.902,0.362,0.27,Architecture
270,CODE - University of Applied Sciences,229,229,no data,0,0,0.288,0,0.511,0.201,1,0,Business Administration
272,Alanus Hochschule für Kunst und Gesellschaft,1596,1596,"min. 231,00",0.077,0,0.531,0.055,0.06,0.278,0.725,0.175,"Architecture, Business Administration, Education Science"
273,International Psychoanalytic University Berlin,610,610,"min. 1.800,00",0.03,0,0.933,0.038,0,0,0.348,0.651,Psychology
328,Hochschule Aalen - Technik und Wirtschaft,5975,5895,There are no study fees.,0.079,0.035,0.32,0,0.566,0,0.773,0.217,"Business Administration, Business Informatics, Business Psychology, Chemical Engineering, Computer Science, Electrical / Information Engineering, Industrial Engineering, Interdisciplinary programmes, Materials Science / Engineering, Mechanical Engineering, Mechatronics"
330,Hochschule Albstadt-Sigmaringen,3392,1456,There are no study fees.,0,0.078,0.466,0,0.273,0.183,0.852,0.146,"Biotechnology, Business Administration, Chemical Engineering, Industrial Engineering, Interdisciplinary programmes"
332,HBC. Hochschule Biberach,2482,2482,"min. 13.250,00",0,0.234,0.252,0,0.515,0,0.786,0.214,"Architecture, Biotechnology, Business Administration, Civil Engineering, Energy Systems"
333,Fachhochschule des Mittelstands (FHM),4526,2543,"max. 640,00",0.01,0,0.969,0,0,0.022,0.936,0.064,"Business Administration, Business Psychology, Commercial / Business Law, Industrial Engineering, Social Policy and Social Work"
336,Hochschule Esslingen,6126,4958,There are no study fees.,0.048,0.03,0.304,0,0.618,0,0.88,0.115,"Biotechnology, Business Administration (Fakultät Betriebswirtschaft), Business Administration (Fakultät Graduate School), Business Informatics, Chemical Engineering, Computer Science, Mechanical Engineering, Mechanical Engineering, Mechatronics, Nursing Science, Process Engineering, Social Policy and Social Work"
338,Hochschule Furtwangen,6344,3540,There are no study fees.,0.132,0,0,0,0.771,0.097,0.896,0.104,"Business Administration, Business Informatics, Computer Science, Industrial Engineering"
340,Hochschule Heilbronn,8370,5784,There are no study fees.,0,0,0.488,0,0.512,0,0.906,0.093,"Business Administration (Studiengänge Tourismus), Business Administration (Studiengänge Logistik & Mobilität (LM)), Business Administration (Studiengänge Internationale Betriebswirtschaft (IB)), Business Administration (Studiengänge Hotel- und Restaurantmangement, Weinmanagement), Business Administration (Studiengang Betriebswirtschaft und Unternehmensführung (BU)), Business Administration (Heilbronn University Graduate School (HUGS)), Business Informatics, Computer Science, Electrical / Information Engineering, Mechanical Engineering, Mechatronics, Process Engineering"
342,Hochschule Karlsruhe - Technik und Wirtschaft,8002,8002,There are no study fees.,0,0,0.271,0,0.72,0.009,0.824,0.162,"Architecture, Business Administration, Business Informatics, Civil Engineering, Computer Science, Electrical / Information Engineering, Industrial Engineering, Interdisciplinary programmes, Mechanical Engineering, Mechatronics"
344,"Hochschule Konstanz - Technik, Wirtschaft und Gestaltung",4958,4958,There are no study fees.,0,0,0.312,0.072,0.574,0.041,0.821,0.179,"Architecture, Business Administration, Business Informatics, Civil Engineering, Commercial / Business Law, Computer Science, Electrical / Information Engineering, Environmental Civil Engineering, Industrial Engineering (Fakultät Maschinenbau), Industrial Engineering (Fakultät Bauingenieurwesen), Industrial Engineering (Fakultät Elektrotechnik und Informationstechnik), Mechanical Engineering, Mechatronics, Process Engineering"
348,Hochschule Mannheim,5065,5065,There are no study fees.,0,0.107,0.117,0,0.717,0.058,0.831,0.165,"Biotechnology, Business Informatics, Computer Science, Electrical / Information Engineering (Fakultät für Informationstechnik (N)), Electrical / Information Engineering (Fakultät für Elektrotechnik (E)), Industrial Engineering, Mechanical Engineering, Mechatronics, Process Engineering, Social Policy and Social Work"
350,Hochschule für Wirtschaft und Umwelt Nürtingen-Geislingen (HfWU),5434,3251,There are no study fees.,0,0,0.643,0,0.205,0.151,0.826,0.158,"Business Administration, Economics"
351,Hochschule Nordhausen,2342,2342,There are no study fees.,0,0,0.774,0,0.226,0,0.85,0.143,"Business Administration, Computer Science, Electrical / Information Engineering, Environmental Civil Engineering, Industrial Engineering, Mechanical Engineering, Mechatronics, Social Policy and Social Work"
352,"Hochschule für Technik, Wirtschaft und Medien Offenburg",4392,4392,There are no study fees.,0,0.057,0.293,0,0.65,0,0.825,0.175,"Computer Science, Electrical / Information Engineering, Interdisciplinary programmes, Materials Science / Engineering, Mechanical Engineering, Mechatronics, Process Engineering"
354,Hochschule Pforzheim,6112,6112,There are no study fees.,0,0,0.688,0,0.212,0.099,0.852,0.128,"Business Administration, Business Informatics, Commercial / Business Law, Computer Science, Electrical / Information Engineering, Industrial Engineering, Mechanical Engineering, Mechatronics"
355,Hochschule Rhein-Waal,6866,4858,There are no study fees.,0.015,0.147,0.493,0,0.264,0.082,0.785,0.215,"Biotechnology, Business Administration, Economics, Electrical / Information Engineering, Industrial Engineering, Interdisciplinary programmes, Interdisciplinary programmes, Materials Science / Engineering, Mechanical Engineering, Mechatronics"
356,Hochschule Ravensburg-Weingarten,3625,3625,There are no study fees.,0.014,0,0.33,0,0.598,0.058,0.828,0.148,"Business Administration, Business Informatics, Computer Science, Electrical / Information Engineering, Industrial Engineering, Mechanical Engineering, Mechatronics, Nursing Science, Physical Technology, Social Policy and Social Work"
358,Hochschule Reutlingen,5482,5482,There are no study fees.,0,0.085,0.44,0,0.418,0.057,0.745,0.224,"Business Administration (ESB Business School), Business Administration (Fakultät Textil & Design), Business Informatics, Chemical Engineering, Computer Science, Electrical / Information Engineering, Industrial Engineering (Fakultät Technik), Industrial Engineering (ESB Business School), Interdisciplinary programmes, Mechanical Engineering, Mechatronics"
364,Hochschule der Medien Stuttgart,5003,5003,There are no study fees.,0,0,0.448,0.056,0.415,0.081,0.841,0.126,"Business Administration, Business Informatics, Computer Science, Industrial Engineering, Process Engineering"
366,Hochschule für Technik Stuttgart,3791,3791,There are no study fees.,0,0.061,0.173,0,0.766,0,0.8,0.187,"Architecture, Business Administration, Business Informatics, Business Psychology, Civil Engineering, Computer Science, Industrial Engineering, Interdisciplinary programmes"
368,Hochschule Ulm,3807,3807,There are no study fees.,0.052,0.04,0,0,0.885,0.023,0.921,0.079,"Business Informatics, Computer Science, Electrical / Information Engineering, Industrial Engineering, Interdisciplinary programmes, Mechanical Engineering, Mechatronics"
370,SRH Hochschule Heidelberg,3363,3363,"min. 600,00",0.093,0,0.649,0,0.215,0.043,0.713,0.287,"Architecture, Business Administration, Business Informatics, Business Psychology, Civil Engineering, Commercial / Business Law, Computer Science, Electrical / Information Engineering, Industrial Engineering, Mechanical Engineering, Social Policy and Social Work"
384,Evangelische Hochschule Freiburg,920,920,"min. 280,00",0,0,0.896,0.104,0,0,0.835,0.142,Social Policy and Social Work
387,Katholische Hochschule Freiburg,1781,1718,"min. 280,00",0.239,0,0.725,0.036,0,0,0.937,0.062,"Nursing Science, Social Policy and Social Work"
389,Ostbayerische Technische Hochschule Amberg-Weiden,3098,1622,There are no study fees.,0,0,0,0,1,0,0.891,0.107,"Computer Science, Electrical / Information Engineering, Energy Systems, Environmental Engineering, Materials Science / Engineering, Mechanical Engineering"
390,Hochschule für angewandte Wissenschaften Ansbach,2984,2984,There are no study fees.,0.014,0.044,0.586,0,0.357,0,0.9,0.082,"Biotechnology, Business Administration, Business Informatics, Energy Systems, Industrial Engineering"
391,Hochschule für angewandte Wissenschaften Augsburg,6558,6558,There are no study fees.,0,0,0.249,0,0.697,0.054,0.806,0.168,"Architecture, Business Administration, Business Informatics, Civil Engineering, Computer Science, Electrical / Information Engineering, Industrial Engineering (Fakultät für Geistes- und Naturwissenschaften), Industrial Engineering (Fakultät für Wirtschaft), Mechanical Engineering, Mechatronics, Process Engineering, Social Policy and Social Work"
392,Hochschule für angewandte Wissenschaften Coburg,5465,5465,There are no study fees.,0.037,0.049,0.396,0,0.482,0.036,0.829,0.166,"Architecture, Biotechnology, Business Administration, Civil Engineering, Computer Science, Electrical / Information Engineering, Interdisciplinary programmes, Mechanical Engineering, Mechatronics, Physical Technology, Social Policy and Social Work"
393,Technische Hochschule Deggendorf,7230,6454,There are no study fees.,0.059,0,0.285,0,0.613,0.042,0.819,0.152,"Business Administration, Business Informatics, Business Psychology, Civil Engineering, Computer Science (Fakultät Elektrotechnik, Medientechnik und Informatik), Computer Science (Fakultät Angewandte Gesundheitswissenschaften), Economics, Electrical / Information Engineering, Environmental Civil Engineering, Industrial Engineering, Mechanical Engineering, Mechatronics, Nursing Science, Physical Technology"
394,Hochschule für Angewandte Wissenschaften Hof,3223,2886,There are no study fees.,0.005,0,0.574,0,0.421,0,0.723,0.258,"Business Administration, Business Informatics, Business Psychology, Commercial / Business Law, Computer Science, Environmental Engineering, Industrial Engineering, Materials Science / Engineering, Mechanical Engineering"
395,Technische Hochschule Ingolstadt,5801,5801,There are no study fees.,0,0,0.345,0,0.655,0,0.773,0.196,"Business Administration (Institut für Akademische Weiterbildung (IAW)), Business Administration (THI Business School), Business Informatics (Fakultät Elektrotechnik und Informatik), Business Informatics (Institut für Akademische Weiterbildung (IAW)), Computer Science, Electrical / Information Engineering, Industrial Engineering (Fakultät Maschinenbau), Industrial Engineering (Institut für Akademische Weiterbildung (IAW)), Mechanical Engineering, Mechatronics"
396,Hochschule für angewandte Wissenschaften Kempten,5888,5888,There are no study fees.,0.113,0,0.344,0,0.543,0,0.825,0.155,"Business Administration (Fakultät Soziales & Gesundheit), Business Administration (Professional School of Business & Technology), Business Administration (Fakultät Tourismus-Management), Business Administration (Fakultät Betriebswirtschaft), Business Informatics, Computer Science, Electrical / Information Engineering, Industrial Engineering (Fakultät Maschinenbau), Industrial Engineering (Fakultät Elektrotechnik), Materials Science / Engineering, Mechanical Engineering, Mechatronics, Social Policy and Social Work"
397,Hochschule für angewandte Wissenschaften Landshut,4796,4796,There are no study fees.,0,0,0.345,0.017,0.637,0,0.857,0.138,"Business Administration, Business Informatics, Computer Science, Electrical / Information Engineering, Industrial Engineering, Interdisciplinary programmes, Mechanical Engineering, Social Policy and Social Work"
398,Hochschule für angewandte Wissenschaften München,17987,17987,There are no study fees.,0.023,0.027,0.303,0,0.62,0.026,0.804,0.182,"Architecture, Biotechnology, Business Administration (Fakultät für Tourismus), Business Administration (Fakultät für Betriebswirtschaft), Business Informatics, Chemical Engineering, Civil Engineering, Computer Science, Electrical / Information Engineering, Industrial Engineering, Interdisciplinary programmes, Mechanical Engineering, Mechatronics, Nursing Science, Physical Technology, Social Policy and Social Work"
399,UE - University of Applied Sciences Europe - Iserlohn · Berlin · Hamburg,2716,973,"min. 8.940,00",0,0,0.926,0.051,0,0.023,0.803,0.197,"Business Administration, Business Psychology"
400,Technische Hochschule Nürnberg Georg Simon Ohm,12559,12559,There are no study fees.,0,0.05,0.378,0,0.538,0.034,0.82,0.167,"Architecture, Business Administration (Fachbereich Betriebswirtschaft - IB), Business Administration (Fakultät Betriebswirtschaft), Business Informatics, Chemical Engineering, Civil Engineering, Commercial / Business Law, Computer Science, Electrical / Information Engineering, Interdisciplinary programmes, Materials Science / Engineering, Mechanical Engineering, Mechatronics, Process Engineering, Social Policy and Social Work"
401,ESMT Berlin,364,364,no data,0,0,1,0,0,0,0,1,Business Administration
402,Ostbayerische Technische Hochschule Regensburg,11167,11167,There are no study fees.,0.031,0.027,0.345,0,0.586,0.011,0.837,0.141,"Architecture, Business Administration, Business Informatics, Civil Engineering, Computer Science, Electrical / Information Engineering, Interdisciplinary programmes, Interdisciplinary programmes, Mechanical Engineering, Mechatronics, Nursing Science, Social Policy and Social Work"
404,Technische Hochschule Rosenheim,5882,5264,There are no study fees.,0.108,0.024,0.232,0,0.636,0,0.874,0.121,"Business Administration (Fakultät für Angewandte Gesundheits- und Sozialwissenschaften), Business Administration (Fakultät für Betriebswirtschaft), Business Informatics, Civil Engineering, Computer Science, Electrical / Information Engineering, Energy Systems, Industrial Engineering, Materials Science / Engineering, Materials Science / Engineering, Mechanical Engineering, Mechatronics"
406,Hochschule Weihenstephan-Triesdorf,6161,3861,There are no study fees.,0,0.089,0.011,0,0.159,0.741,0.903,0.096,"Biotechnology, Business Administration, Industrial Engineering, Process Engineering"
408,Technische Hochschule Aschaffenburg,3220,3220,There are no study fees.,0,0,0.491,0,0.509,0,0.911,0.067,"Business Administration, Commercial / Business Law, Electrical / Information Engineering, Energy Systems, Industrial Engineering, Mechatronics"
409,Hochschule für Angewandte Wissenschaften Würzburg-Schweinfurt,9056,6228,There are no study fees.,0.029,0,0.554,0.02,0.339,0.057,0.903,0.086,"Architecture, Business Administration, Business Informatics, Civil Engineering, Computer Science, Nursing Science, Process Engineering, Social Policy and Social Work"
410,Katholische Stiftungshochschule München,2365,1732,There are no study fees.,0.29,0,0.71,0,0,0,0.893,0.079,"Nursing Science, Social Policy and Social Work"
412,Evangelische Hochschule Nürnberg,1484,1484,There are no study fees.,0.327,0,0.598,0.075,0,0,0.893,0.107,"Nursing Science, Social Policy and Social Work"
414,Beuth Hochschule für Technik Berlin,12927,12927,There are no study fees.,0,0.02,0.073,0,0.839,0.069,0.728,0.268,"Architecture, Biotechnology, Business Administration, Chemical Engineering, Civil Engineering, Computer Science, Electrical / Information Engineering, Energy Systems, Environmental Civil Engineering, Industrial Engineering (Fachbereich VIII: Maschinenbau, Veranstaltungstechnik und Verfahrenstechnik), Industrial Engineering (Fachbereich I: Wirtschafts- und Gesellschaftswissenschaften), Mechanical Engineering, Mechatronics, Process Engineering (Fachbereich V Life Sciences and Technology), Process Engineering (Fachbereich VIII Maschinenbau, Veranstaltungstechnik, Verfahrenstechnik)"
415,bbw Hochschule,1086,1086,There are no study fees.,0,0,0.826,0,0.174,0,0.773,0.227,"Business Administration, Electrical / Information Engineering, Industrial Engineering, Mechanical Engineering"
418,Hochschule für Technik und Wirtschaft Berlin,13788,13788,There are no study fees.,0,0.026,0.288,0.014,0.586,0.085,0.763,0.229,"Business Administration, Business Informatics, Civil Engineering, Commercial / Business Law, Computer Science (Fachbereich Informatik, Kommunikation und Wirtschaft), Computer Science (Fachbereich Ingenieurwissenschaften - Technik und Leben), Electrical / Information Engineering, Industrial Engineering, Mechanical Engineering, Mechatronics"
420,Hochschule für Wirtschaft und Recht Berlin,11436,11436,There are no study fees.,0,0,0.862,0,0.138,0,0.785,0.165,"Business Administration (Fachbereich I: Wirtschaftswissenschaften), Business Administration (Fachbereich II: Duales Studium Wirtschaft, Technik), Business Informatics (Fachbereich I: Wirtschaftswissenschaften), Business Informatics (Fachbereich II: Duales Studium Wirtschaft, Technik), Civil Engineering, Commercial / Business Law, Computer Science, Economics, Electrical / Information Engineering, Industrial Engineering, Mechanical Engineering"
422,Alice Salomon Hochschule Berlin,3883,3883,There are no study fees.,0.13,0,0.849,0.021,0,0,0.745,0.236,"Nursing Science, Social Policy and Social Work"
424,Evangelische Hochschule Berlin (EHB),1500,1500,There are no study fees.,0.193,0,0.726,0.081,0,0,0.909,0.087,"Nursing Science, Social Policy and Social Work"
426,Katholische Hochschule für Sozialwesen Berlin,1348,1348,There are no study fees.,0.187,0,0.796,0.017,0,0,0.829,0.17,Social Policy and Social Work
428,Technische Hochschule Brandenburg,2649,2649,There are no study fees.,0,0,0.27,0,0.73,0,0.741,0.238,"Business Administration, Business Informatics, Computer Science, Electrical / Information Engineering, Industrial Engineering, Mechanical Engineering, Mechatronics, Process Engineering"
430,Hochschule für nachhaltige Entwicklung Eberswalde,2110,2110,There are no study fees.,0,0,0.241,0,0.139,0.619,0.672,0.322,"Business Administration, Process Engineering"
432,Brandenburgische Technische Universität Cottbus-Senftenberg,7276,1264,There are no study fees.,0.287,0.225,0.168,0,0.32,0,0.715,0.262,"Biotechnology, Electrical / Information Engineering, Industrial Engineering, Mechanical Engineering, Nursing Science"
434,Fachhochschule Potsdam,3443,3443,There are no study fees.,0,0,0.374,0.109,0.278,0.239,0.718,0.174,"Architecture, Civil Engineering, Social Policy and Social Work"
436,Technische Hochschule Wildau,3646,3646,There are no study fees.,0,0.037,0.446,0,0.518,0,0.749,0.245,"Biotechnology, Business Administration, Business Informatics, Commercial / Business Law, Industrial Engineering, Mechanical Engineering"
438,Hochschule Bremen,8613,8613,There are no study fees.,0.011,0.036,0.484,0.041,0.428,0.001,0.886,0.113,"Architecture, Biotechnology, Business Administration, Civil Engineering, Computer Science, Electrical / Information Engineering, Environmental Civil Engineering, Industrial Engineering (Fakultät Natur und Technik), Industrial Engineering (Fakultät Wirtschaftswissenschaften), Interdisciplinary programmes, Mechanical Engineering, Mechatronics, Nursing Science, Social Policy and Social Work"
440,Hochschule Bremerhaven,2952,2952,There are no study fees.,0,0.044,0.163,0,0.608,0.185,0.866,0.134,"Biotechnology, Business Administration, Business Informatics, Computer Science, Electrical / Information Engineering, Industrial Engineering, Interdisciplinary programmes, Mechanical Engineering, Process Engineering"
442,Hochschule für Angewandte Wissenschaften Hamburg,17054,17054,There are no study fees.,0.053,0.025,0.269,0.033,0.518,0.102,0.841,0.159,"Biotechnology, Business Administration, Business Informatics, Computer Science, Electrical / Information Engineering, Energy Systems, Environmental Engineering, Industrial Engineering, Interdisciplinary programmes, Interdisciplinary programmes, Mechanical Engineering, Mechatronics, Nursing Science, Process Engineering, Social Policy and Social Work"
444,Evangelische Hochschule für Soziale Arbeit & Diakonie,576,576,"max. 500,00",0,0,1,0,0,0,0.792,0.208,Social Policy and Social Work
445,Bucerius Law School - Hochschule für Rechtswissenschaft,910,910,"max. 4.300,00",0,0,1,0,0,0,0.647,0.049,Law
446,Hochschule Darmstadt,16869,13234,There are no study fees.,0,0.055,0.185,0,0.721,0.039,0.765,0.193,"Architecture, Biotechnology, Business Administration (Fachbereich Wirtschaft), Business Administration (Fachbereich Gesellschaftswissenschaften), Business Psychology, Chemical Engineering, Civil Engineering, Commercial / Business Law, Computer Science, Electrical / Information Engineering, Environmental Civil Engineering, Environmental Engineering, Industrial Engineering, Mechanical Engineering, Mechatronics, Social Policy and Social Work"
448,Frankfurt University of Applied Sciences,15036,15036,There are no study fees.,0.02,0,0.422,0,0.558,0,0.838,0.151,"Architecture, Biotechnology, Business Administration, Business Informatics, Civil Engineering, Commercial / Business Law, Computer Science, Electrical / Information Engineering, Environmental Engineering, Industrial Engineering, Interdisciplinary programmes, Interdisciplinary programmes, Mechanical Engineering, Mechatronics, Nursing Science, Process Engineering, Social Policy and Social Work"
450,Hochschule Fulda,9557,9557,There are no study fees.,0.154,0,0.484,0,0.241,0.121,0.806,0.184,"Business Administration, Business Informatics, Commercial / Business Law, Computer Science, Electrical / Information Engineering, Industrial Engineering, Interdisciplinary programmes, Nursing Science, Social Policy and Social Work"
452,Technische Hochschule Mittelhessen (THM),18583,11345,There are no study fees.,0.095,0.009,0.132,0,0.762,0.002,0.87,0.127,"Architecture, Biotechnology, Business Administration, Civil Engineering, Computer Science, Electrical / Information Engineering, Environmental Engineering, Interdisciplinary programmes, Mechanical Engineering, Physical Technology"
454,Hochschule RheinMain,13633,10153,There are no study fees.,0.046,0,0.51,0,0.381,0.063,0.894,0.1,"Architecture, Business Administration, Business Informatics, Civil Engineering, Commercial / Business Law, Computer Science, Environmental Civil Engineering, Social Policy and Social Work"
459,Frankfurt School of Finance & Management,2436,2436,"min. 6.950,00",0.03,0,0.92,0,0.05,0,0.558,0.442,"Business Administration, Business Informatics, Economic Sciences"
460,Hochschule Fresenius,10755,2252,no data,0.25,0.12,0.558,0.006,0.066,0,0.802,0.198,"Biotechnology, Business Administration, Business Informatics, Chemical Engineering"
462,Evangelische Hochschule Darmstadt,1782,1579,There are no study fees.,0.082,0,0.918,0,0,0,0.79,0.196,"Nursing Science, Social Policy and Social Work"
464,Hochschule Neubrandenburg,2057,2057,There are no study fees.,0.154,0,0.398,0,0.157,0.291,0.766,0.234,"Business Administration (Fachbereich Agrarwirtschaft und Lebensmittelwissenschaften), Business Administration (Fachbereich Gesundheit, Pflege, Management), Computer Science, Interdisciplinary programmes, Nursing Science, Social Policy and Social Work"
466,Hochschule Stralsund,2331,2331,There are no study fees.,0,0,0.407,0,0.593,0,0.797,0.193,"Business Administration, Business Informatics, Computer Science, Electrical / Information Engineering, Industrial Engineering (Fakultät für Elektrotechnik und Informatik), Industrial Engineering (Fakultät für Maschinenbau), Mechanical Engineering"
468,"Hochschule Wismar - University of Applied Sciences: Technology, Business and Design",7979,7979,There are no study fees.,0.076,0,0.494,0,0.407,0.022,0.628,0.273,"Architecture, Business Administration, Business Informatics, Civil Engineering, Commercial / Business Law, Computer Science, Electrical / Information Engineering, Interdisciplinary programmes, Mechanical Engineering, Mechatronics, Process Engineering"
470,Ostfalia Hochschule für angewandte Wissenschaften,12751,5920,There are no study fees.,0,0,0.403,0,0.597,0,0.848,0.145,"Business Informatics, Commercial / Business Law, Computer Science, Electrical / Information Engineering, Industrial Engineering (Fakultät Versorgungstechnik), Industrial Engineering (Fakultät für Elektrotechnik), Mechanical Engineering, Social Policy and Social Work"
472,Hochschule Hannover,9857,9857,There are no study fees.,0.03,0.014,0.292,0.072,0.447,0.146,0.897,0.094,"Business Administration, Business Informatics, Computer Science, Electrical / Information Engineering, Industrial Engineering (Fakultät I Elektro- und Informationstechnik), Industrial Engineering (Fakultät Maschinenbau und Bioverfahrenstechnik), Interdisciplinary programmes, Mechanical Engineering, Mechatronics, Nursing Science, Social Policy and Social Work"
474,Hochschule für angewandte Wissenschaft und Kunst Hildesheim/Holzminden/Göttingen,6034,3120,There are no study fees.,0.068,0,0.353,0,0.302,0.277,0.846,0.153,"Architecture, Civil Engineering, Social Policy and Social Work"
478,JADE Hochschule Wilhelmshaven/Oldenburg/Elsfleth,7161,2048,There are no study fees.,0.025,0,0.015,0,0.959,0,0.855,0.142,"Architecture, Civil Engineering, Civil Engineering, Computer Science, Industrial Engineering (Fachbereich Bauwesen und Geoinformation), Industrial Engineering (Fachbereich Bauwesen und Geoinformation), Interdisciplinary programmes"
480,Hochschule Osnabrück,14153,11787,There are no study fees.,0.091,0.01,0.352,0,0.289,0.258,0.824,0.148,"Business Administration, Business Informatics, Business Psychology, Civil Engineering, Commercial / Business Law, Computer Science, Economics, Electrical / Information Engineering, Industrial Engineering, Materials Science / Engineering, Mechanical Engineering, Mechatronics, Nursing Science, Process Engineering (Fakultät Agrarwissenschaften und Landschaftsarchitektur), Process Engineering (Fakultät Ingenieurwissenschaften und Informatik), Social Policy and Social Work"
482,Hochschule Emden/Leer,4631,4244,There are no study fees.,0.033,0.055,0.496,0,0.416,0,0.871,0.121,"Biotechnology, Business Administration (Fachbereich Wirtschaft - Campus Emden), Business Administration (Fachbereich Wirtschaft - Emden / Studiengang Management Consulting), Chemical Engineering, Computer Science, Electrical / Information Engineering, Industrial Engineering, Interdisciplinary programmes, Mechanical Engineering, Social Policy and Social Work"
483,JADE Hochschule Wilhelmshaven/Oldenburg/Elsfleth,7161,4484,There are no study fees.,0,0.011,0.502,0,0.486,0,0.906,0.087,"Business Administration, Business Informatics, Electrical / Information Engineering, Industrial Engineering, Mechanical Engineering, Mechatronics"
484,PFH - Private Hochschule Göttingen,3399,3399,"min. 700,00",0.024,0,0.949,0,0.027,0,0.778,0.191,"Business Administration, Business Psychology, Commercial / Business Law, Industrial Engineering"
492,FH Aachen,14410,10748,There are no study fees.,0,0,0.26,0,0.656,0.084,0.871,0.124,"Architecture, Business Administration (Fachbereich Wirtschaftswissenschaften), Business Administration (Fachbereich Maschinenbau und Mechatronik), Business Informatics, Civil Engineering, Commercial / Business Law, Computer Science, Electrical / Information Engineering, Industrial Engineering, Mechanical Engineering, Mechanical Engineering, Mechatronics"
494,Fachhochschule Bielefeld,10255,8344,There are no study fees.,0.046,0.041,0.505,0,0.342,0.065,0.867,0.122,"Biotechnology, Business Administration, Business Informatics, Business Psychology, Commercial / Business Law, Computer Science, Electrical / Information Engineering, Industrial Engineering, Mechanical Engineering, Mechatronics, Nursing Science, Social Policy and Social Work"
495,Fachhochschule der Diakonie,788,788,"min. 350,00",0.617,0,0.383,0,0,0,0.931,0.069,"Business Administration, Nursing Science, Social Policy and Social Work"
496,Hochschule Bochum,8279,7909,There are no study fees.,0,0.009,0.342,0,0.65,0,0.872,0.121,"Architecture, Business Administration (Fachbereich Wirtschaft), Business Administration (Fachbereich Wirtschaft - International Business and Management), Business Informatics, Civil Engineering, Computer Science (Fachbereich Geodäsie), Computer Science (Fachbereich Elektrotechnik und Informatik), Electrical / Information Engineering, Environmental Civil Engineering, Industrial Engineering, Mechanical Engineering, Mechatronics"
498,Fachhochschule Dortmund,14470,14470,There are no study fees.,0,0,0.362,0,0.556,0.082,0.885,0.115,"Architecture, Business Administration, Business Informatics, Computer Science, Electrical / Information Engineering (Fachbereich Elektrotechnik), Electrical / Information Engineering (Fachbereich Informationstechnik), Interdisciplinary programmes, Mechanical Engineering, Social Policy and Social Work"
500,Hochschule Düsseldorf,11018,11018,There are no study fees.,0,0,0.391,0,0.507,0.103,0.878,0.122,"Architecture, Business Administration, Computer Science, Electrical / Information Engineering, Environmental Engineering, Industrial Engineering (Fachbereich 3 - Elektrotechnik), Industrial Engineering (Fachbereich 4 - Maschinenbau und Verfahrenstechnik), Interdisciplinary programmes, Mechanical Engineering, Social Policy and Social Work"
502,Westfälische Hochschule,9059,5012,There are no study fees.,0,0,0.218,0.099,0.683,0,0.842,0.158,"Business Administration, Business Informatics, Computer Science, Electrical / Information Engineering, Industrial Engineering, Interdisciplinary programmes, Mechanical Engineering, Physical Technology, Process Engineering"
504,Technische Hochschule Köln,25852,19997,There are no study fees.,0,0,0.326,0.099,0.527,0.048,0.813,0.171,"Architecture, Business Administration, Civil Engineering, Civil Engineering, Commercial / Business Law, Computer Science, Electrical / Information Engineering, Interdisciplinary programmes, Mechanical Engineering, Mechanical Engineering, Process Engineering, Social Policy and Social Work"
508,Technische Hochschule Ostwestfalen-Lippe,6707,3614,There are no study fees.,0,0.066,0.107,0,0.618,0.209,0.854,0.13,"Biotechnology, Business Administration, Business Psychology, Chemical Engineering, Computer Science, Electrical / Information Engineering, Industrial Engineering, Interdisciplinary programmes, Interdisciplinary programmes, Mechanical Engineering, Mechatronics"
510,Fachhochschule Südwestfalen,12740,2237,There are no study fees.,0,0.127,0,0,0.873,0,0.823,0.177,"Biotechnology, Computer Science, Materials Science / Engineering, Mechanical Engineering, Mechatronics"
512,Fachhochschule Münster,14868,10147,There are no study fees.,0.094,0,0.463,0,0.265,0.179,0.762,0.181,"Architecture, Business Administration, Business Informatics, Civil Engineering, Nursing Science, Social Policy and Social Work"
514,Hochschule Niederrhein,14324,5923,There are no study fees.,0.146,0.068,0.164,0,0.524,0.097,0.863,0.137,"Chemical Engineering, Computer Science, Electrical / Information Engineering, Industrial Engineering, Mechanical Engineering, Mechatronics, Nursing Science, Process Engineering"
515,Hochschule Bonn-Rhein-Sieg,9011,6204,There are no study fees.,0,0,0.41,0,0.59,0,0.848,0.146,"Business Administration, Business Informatics, Computer Science, Electrical / Information Engineering, Interdisciplinary programmes, Mechanical Engineering"
517,IUBH Internationale Hochschule,21162,19009,"min. 5.290,00",0.087,0,0.837,0,0.075,0,0.839,0.161,"Business Administration, Business Informatics, Social Policy and Social Work"
518,International School of Management (ISM),2624,853,"min. 5.180,00",0,0,1,0,0,0,0.76,0.24,"Business Administration, Business Psychology, Commercial / Business Law"
520,Rheinische Fachhochschule Köln,6246,6073,There are no study fees.,0.05,0.018,0.381,0,0.515,0.036,0.786,0.214,"Biotechnology, Business Administration (Fachbereich Medizinökonomie und Gesundheit), Business Administration (Fachbereich Wirtschaft und Recht), Business Administration (Fachbereich Medien), Business Informatics, Business Psychology, Commercial / Business Law, Electrical / Information Engineering, Industrial Engineering, Mechanical Engineering, Nursing Science"
521,Fachhochschule der Wirtschaft (FHDW),2156,660,There are no study fees.,0,0,0.477,0,0.523,0,0.829,0.171,"Business Administration, Business Informatics, Computer Science"
522,Evangelische Hochschule Rheinland-Westfalen-Lippe,2436,2436,There are no study fees.,0.089,0,0.874,0.037,0,0,0.928,0.072,"Nursing Science, Social Policy and Social Work"
523,Katholische Hochschule Nordrhein-Westfalen,5313,1125,There are no study fees.,0.028,0,0.972,0,0,0,0.869,0.131,Social Policy and Social Work
524,Technische Hochschule Bingen,2731,2731,"min. 650,00",0,0.096,0,0,0.787,0.117,0.845,0.155,"Biotechnology, Computer Science, Electrical / Information Engineering, Environmental Engineering, Industrial Engineering, Mechanical Engineering, Process Engineering"
525,Hochschule Kaiserslautern,6107,2764,There are no study fees.,0,0,0,0,0.934,0.066,0.766,0.208,"Architecture, Civil Engineering, Electrical / Information Engineering, Industrial Engineering, Mechanical Engineering, Mechatronics, Process Engineering"
526,Hochschule Koblenz,9837,6688,There are no study fees.,0,0,0.514,0,0.486,0,0.826,0.168,"Architecture, Business Administration, Civil Engineering, Computer Science, Electrical / Information Engineering, Industrial Engineering (Fachbereich Ingenieurwesen), Industrial Engineering (Fachbereich bauen-kunst-werkstoffe), Mechanical Engineering, Mechatronics, Social Policy and Social Work"
527,Hochschule für Wirtschaft und Gesellschaft Ludwigshafen,4674,4674,There are no study fees.,0.097,0,0.782,0,0.089,0.032,0.778,0.222,"Business Administration (Fachbereich I - Management, Controlling, HealthCare), Business Administration (Fachbereich II - Marketing und Personalmanagement), Business Administration (Fachbereich III - Dienstleistungen und Consulting), Business Informatics, Nursing Science, Social Policy and Social Work"
528,Hochschule Mainz,5607,5607,There are no study fees.,0,0,0.498,0.01,0.351,0.141,0.762,0.218,"Architecture, Business Administration, Business Informatics, Civil Engineering, Commercial / Business Law, Computer Science, Industrial Engineering"
529,Hochschule Trier,7357,5100,There are no study fees.,0.047,0,0.152,0,0.666,0.135,0.81,0.19,"Architecture, Business Administration, Business Informatics, Civil Engineering, Computer Science, Electrical / Information Engineering, Industrial Engineering, Mechanical Engineering"
530,Hochschule Worms,3722,3722,There are no study fees.,0,0,0.785,0,0.215,0,0.815,0.185,"Business Administration (Fachbereich Touristik / Verkehrswesen), Business Administration (Fachbereich Wirtschaftswissenschaften), Business Informatics, Computer Science"
532,Katholische Hochschule Mainz,1438,1438,There are no study fees.,0.465,0,0.505,0.031,0,0,0.879,0.121,"Nursing Science, Social Policy and Social Work"
533,Hochschule für Technik und Wirtschaft des Saarlandes,6040,6040,There are no study fees.,0.021,0,0.509,0,0.47,0,0.821,0.166,"Architecture, Business Administration, Civil Engineering, Computer Science, Electrical / Information Engineering, Industrial Engineering, Mechanical Engineering, Mechatronics, Nursing Science, Social Policy and Social Work"
538,Hochschule für Technik und Wirtschaft Dresden,4550,4550,There are no study fees.,0,0.017,0.147,0,0.704,0.132,0.461,0.115,"Business Administration, Business Informatics, Chemical Engineering, Civil Engineering, Computer Science, Electrical / Information Engineering, Environmental Civil Engineering, Industrial Engineering, Interdisciplinary programmes, Mechanical Engineering"
540,"Hochschule für Technik, Wirtschaft und Kultur Leipzig",6054,6054,There are no study fees.,0,0.007,0.2,0.067,0.727,0,0.696,0.256,"Architecture, Business Administration, Civil Engineering, Computer Science, Electrical / Information Engineering, Industrial Engineering, Interdisciplinary programmes, Mechanical Engineering, Process Engineering, Social Policy and Social Work"
542,Hochschule Mittweida,6900,6900,There are no study fees.,0.007,0.12,0.369,0,0.489,0.015,0.673,0.166,"Biotechnology, Business Administration, Computer Science, Electrical / Information Engineering, Industrial Engineering, Interdisciplinary programmes, Mechanical Engineering, Physical Technology, Social Policy and Social Work"
546,Hochschule Zittau/Görlitz,2911,1243,There are no study fees.,0,0.271,0.178,0,0.548,0.003,0.371,0.157,"Biotechnology, Business Administration, Chemical Engineering, Electrical / Information Engineering, Industrial Engineering, Interdisciplinary programmes, Mechanical Engineering, Mechatronics"
548,Westsächsische Hochschule Zwickau,3955,3778,min. 200,0.098,0,0.178,0.134,0.558,0.031,0.374,0.141,"Business Administration, Computer Science, Electrical / Information Engineering, Environmental Engineering, Industrial Engineering, Materials Science / Engineering, Mechanical Engineering, Mechanical Engineering, Nursing Science, Physical Technology"
552,Evangelische Hochschule Dresden,699,699,There are no study fees.,0.153,0,0.847,0,0,0,0.821,0.176,"Nursing Science, Social Policy and Social Work"
556,Hochschule Anhalt,6879,2289,There are no study fees.,0,0.112,0.09,0,0.748,0.05,0.735,0.239,"Biotechnology, Chemical Engineering, Computer Science, Electrical / Information Engineering, Industrial Engineering, Mechanical Engineering, Process Engineering"
559,Hochschule Magdeburg-Stendal,5664,3953,There are no study fees.,0.143,0.019,0.245,0.067,0.458,0.069,0.784,0.183,"Civil Engineering, Electrical / Information Engineering, Environmental Civil Engineering, Industrial Engineering, Mechanical Engineering, Social Policy and Social Work"
560,Hochschule Merseburg,2791,2791,There are no study fees.,0,0.027,0.612,0,0.361,0,0.779,0.212,"Business Administration, Business Informatics, Chemical Engineering, Computer Science, Electrical / Information Engineering, Industrial Engineering, Mechanical Engineering, Social Policy and Social Work"
562,Hochschule Harz - Hochschule für angewandte Wissenschaften (FH),3104,2350,There are no study fees.,0,0,0.717,0,0.283,0,0.823,0.158,"Business Administration, Business Informatics, Business Psychology, Computer Science (Fachbereich Automatisierung und Informatik (Informatik)), Computer Science (Fachbereich Automatisierung und Informatik (Medieninformatik)), Electrical / Information Engineering, Industrial Engineering"
564,Hochschule Flensburg,3866,3866,There are no study fees.,0.023,0,0.241,0.056,0.681,0,0.817,0.183,"Biotechnology, Business Administration, Business Informatics, Computer Science, Energy Systems, Mechanical Engineering"
565,Fachhochschule Westküste,1923,1923,There are no study fees.,0,0,0.876,0,0.124,0,0.901,0.099,"Business Administration, Business Psychology, Commercial / Business Law, Electrical / Information Engineering, Industrial Engineering"
566,Fachhochschule Kiel,7830,7830,There are no study fees.,0.025,0.022,0.521,0,0.368,0.064,0.818,0.182,"Business Administration, Business Informatics, Electrical / Information Engineering, Industrial Engineering (Fachbereich Wirtschaft), Industrial Engineering (Fachbereich Maschinenwesen), Industrial Engineering (Fachbereich Informatik und Elektrotechnik), Mechanical Engineering, Mechatronics, Social Policy and Social Work"
568,Technische Hochschule Lübeck,5027,5027,There are no study fees.,0,0,0.223,0,0.777,0,0.857,0.143,"Architecture, Business Administration, Chemical Engineering, Civil Engineering, Computer Science, Electrical / Information Engineering, Industrial Engineering, Interdisciplinary programmes, Mechanical Engineering"
569,NORDAKADEMIE Hochschule der Wirtschaft,2402,2402,"min. 9.900,00",0,0,0.697,0,0.303,0,0.639,0.361,"Business Administration, Business Informatics, Computer Science, Industrial Engineering"
572,Fachhochschule Wedel,1305,1305,no data,0,0,0.387,0,0.613,0,0.808,0.192,"Business Administration, Business Informatics, Computer Science, Industrial Engineering"
574,Fachhochschule Erfurt,3937,3937,There are no study fees.,0,0,0.322,0,0.485,0.194,0.746,0.228,"Architecture, Business Administration, Civil Engineering, Computer Science, Energy Systems, Industrial Engineering (Fakultät Gebäudetechnik und Informatik), Industrial Engineering (Fakultät Wirtschaft - Logistik - Verkehr), Mechanical Engineering, Social Policy and Social Work"
576,Ernst-Abbe-Hochschule Jena,4549,4549,There are no study fees.,0.094,0.063,0.284,0.019,0.54,0,0.682,0.279,"Biotechnology, Business Administration, Business Informatics, Electrical / Information Engineering (Fachbereich Elektrotechnik und Informationstechnik), Electrical / Information Engineering (Fachbereich SciTec), Environmental Engineering, Industrial Engineering, Interdisciplinary programmes, Interdisciplinary programmes, Materials Science / Engineering, Mechanical Engineering, Mechatronics, Nursing Science, Physical Technology, Social Policy and Social Work"
577,Private Hochschule für Wirtschaft und Technik,581,207,no data,0,0,0.889,0,0.111,0,0.937,0.063,"Business Administration, Business Informatics"
578,Hochschule Schmalkalden,2518,2518,There are no study fees.,0.005,0,0.468,0,0.527,0,0.586,0.282,"Business Administration, Business Informatics, Commercial / Business Law, Computer Science, Economics, Electrical / Information Engineering, Industrial Engineering (Fakultät Elektrotechnik), Industrial Engineering (Fakultät Maschinenbau), Mechanical Engineering"
602,"Hochschule für Medien, Kommunikation und Wirtschaft",1869,778,no data,0,0,0.819,0,0,0.181,0.797,0.202,"Business Administration, Business Psychology"
603,"hwtk - Internationale Hochschule für Wirtschaft, Technik und Kultur",437,437,"min. 580,00",0,0,1,0,0,0,0.86,0.114,"Business Administration, Business Informatics"
604,Steinbeis-Hochschule Berlin (SHB),8142,8142,There are no study fees.,0.141,0,0.823,0,0.037,0,0.682,0.318,"Business Administration, Business Informatics, Industrial Engineering"
609,Wilhelm Löhe Hochschule,193,193,min. 1.600,0.503,0,0.497,0,0,0,0.933,0.067,Business Administration
610,Munich Business School,604,604,"min. 24.000,00",0,0,1,0,0,0,0.391,0.609,Business Administration
616,"DIPLOMA Hochschule, Fachhochschule Nordhessen",6476,439,no data,0,0,0.387,0,0.533,0.08,1,0,"Business Administration, Business Informatics, Business Psychology, Commercial / Business Law, Industrial Engineering, Mechatronics, Social Policy and Social Work"
619,FOM Hochschule für Oekonomie & Management,50095,4302,There are no study fees.,0.121,0,0.788,0,0.091,0,0.792,0.208,"Business Administration, Business Informatics, Business Psychology, Commercial / Business Law, Electrical / Information Engineering, Industrial Engineering, Mechanical Engineering, Mechatronics, Nursing Science, Social Policy and Social Work"
621,Evangelische Hochschule Ludwigsburg,1272,1202,There are no study fees.,0.052,0,0.789,0.16,0,0,0.913,0.087,"Nursing Science, Social Policy and Social Work"
626,Zeppelin Universität,928,928,"min. 12.000,00",0,0,0.806,0.194,0,0,0.723,0.235,"Economic Sciences, Political Science"
628,Europäische Fachhochschule Rhein/Erft - Brühl,1647,1179,no data,0,0,0.916,0,0.084,0,0.819,0.157,"Business Administration (Fachbereich General Management), Business Administration (Fachbereich Handels- und Logistikmanagement), Business Administration (Business School), Business Informatics, Industrial Engineering"
643,accadis Hochschule Bad Homburg,515,515,"min. 5.160,00",0,0,1,0,0,0,0.798,0.202,Business Administration
644,hochschule 21,1044,1044,There are no study fees.,0.253,0,0.138,0,0.609,0,0.99,0.004,"Architecture, Civil Engineering, Industrial Engineering, Mechatronics, Nursing Science"
652,Provadis Hochschule,1162,1162,no data,0,0.052,0.691,0,0.257,0,0.865,0.135,"Biotechnology, Business Administration, Business Informatics, Chemical Engineering, Interdisciplinary programmes"
653,Touro College Berlin,127,127,"min. 4.500,00",0,0,0.906,0.094,0,0,0.866,0.134,Business Administration
654,HSBA Hamburg School of Business Administration,1020,1020,"min. 425,00",0,0,0.944,0,0.056,0,0.702,0.298,"Business Administration, Business Informatics"
656,Karlshochschule International University,507,507,"max. 690,00",0,0,0.943,0.057,0,0,0.85,0.081,Business Administration
661,FHDW Fachhochschule für die Wirtschaft Hannover,536,536,"min. 490,00",0,0,0.743,0,0.257,0,0.813,0.187,"Business Administration, Business Informatics, Computer Science"
663,Hochschule Hamm-Lippstadt,6195,3328,There are no study fees.,0,0.099,0.442,0,0.459,0,0.968,0.032,"Business Psychology, Interdisciplinary programmes"
664,Hochschule Ruhr West,6464,4744,There are no study fees.,0,0,0.402,0,0.598,0,0.848,0.15,"Business Administration, Civil Engineering, Electrical / Information Engineering, Industrial Engineering, Mechanical Engineering, Mechatronics"
668,SRH Hochschule Berlin,722,722,no data,0.022,0,0.821,0,0.157,0,0.557,0.413,"Business Administration, Business Informatics, Business Psychology"
677,CBS International Business School,1799,1524,There are no study fees.,0,0,0.959,0.041,0,0,0.614,0.317,"Business Administration, Business Psychology"
679,BSP Business School Berlin - Hochschule für Management,1355,905,"min. 590,00",0,0,0.97,0,0,0.03,0.726,0.274,"Business Administration, Business Psychology"
703,Duale Hochschule Baden-Württemberg Lörrach,2095,2095,"max. 1500,00",0.042,0,0.606,0,0.332,0.019,0.981,0,"Business Administration, Business Informatics, Electrical / Information Engineering, Mechanical Engineering, Mechatronics"
704,Duale Hochschule Baden-Württemberg Mannheim,6221,6221,There are no study fees.,0.008,0,0.493,0,0.499,0,0.995,0,"Business Administration, Business Informatics, Electrical / Information Engineering, Industrial Engineering, Mechanical Engineering, Mechatronics"
705,Duale Hochschule Baden-Württemberg Ravensburg,3853,2496,There are no study fees.,0,0,0.885,0,0.115,0,0.971,0,"Business Administration, Business Informatics"
706,Duale Hochschule Baden-Württemberg Stuttgart,8440,7463,There are no study fees.,0.046,0,0.538,0,0.411,0.005,0.995,0,"Business Administration, Business Informatics, Computer Science, Electrical / Information Engineering, Industrial Engineering, Mechanical Engineering, Mechatronics, Nursing Science, Social Policy and Social Work"
707,Duale Hochschule Baden-Württemberg Mosbach,3688,3120,There are no study fees.,0,0,0.305,0,0.695,0,0.993,0,"Business Administration, Business Informatics, Industrial Engineering"
709,Duale Hochschule Baden-Württemberg Villingen-Schwenningen,2563,2563,There are no study fees.,0,0,0.909,0,0.091,0,0.99,0,"Business Administration, Business Informatics, Social Policy and Social Work"
710,Duale Hochschule Baden-Württemberg Heilbronn,2543,2543,There are no study fees.,0,0,0.724,0,0.276,0,0.484,0.513,Business Administration
711,Berufsakademie Hamburg,185,185,"min. 360,00",0,0,0.611,0,0.389,0,1,0,Business Administration
715,Berufsakademie Göttingen,no data available,no data available,no data,,,,,,,,,"Business Administration, Social Policy and Social Work"
719,Hochschule Weserbergland,453,453,"min. 2.100,00",0,0,0.457,0,0.543,0,0.912,0.088,"Business Administration, Business Informatics, Industrial Engineering"
721,Leibniz-Fachhochschule,549,549,There are no study fees.,0.069,0,0.63,0,0.301,0,0.958,0.042,"Business Administration, Business Informatics"
723,Berufsakademie für Bankwirtschaft Hannover - Rastede,95,85,"max. 489,00",0,0,1,0,0,0,1,0,Business Administration
725,Berufsakademie Welfenakademie,193,193,"max. 520,00",0,0,1,0,0,0,1,0,Business Administration
731,Berufsakademie Sachsen,4493,no data available,There are no study fees.,,,,,,,,,"Business Administration, Computer Science"
732,Berufsakademie Sachsen,4493,no data available,There are no study fees.,,,,,,,,,"Business Administration, Environmental Civil Engineering, Mechanical Engineering"
733,Berufsakademie Sachsen,4493,927,There are no study fees.,0,0,0.72,0,0.28,0,1,0,"Business Administration, Business Informatics, Computer Science"
735,Duale Hochschule Schleswig-Holstein,453,453,"min. 409,00",0,0,0.879,0,0.121,0,1,0,"Business Administration, Business Informatics"
739,Duale Hochschule Gera-Eisenach,1427,588,There are no study fees.,0,0,0.473,0,0.527,0,1,0,"Business Administration, Industrial Engineering"
742,Berufsakademie Sachsen,4493,,There are no study fees.,,,,,,,,,"Business Administration, Social Policy and Social Work"
743,Berufsakademie Sachsen,4493,467,There are no study fees.,0,0,0.385,0,0.615,0,1,0,"Business Administration, Business Informatics, Electrical / Information Engineering, Industrial Engineering"
750,Hochschule Fresenius,10755,212,no data,0,0,1,0,0,0,1,0,
751,CVJM-Hochschule,410,410,no data,0,0,0.998,0.002,0,0,0.951,0.049,Social Policy and Social Work
752,Hochschule der Wirtschaft für Management,430,430,"min. 490,00",0,0,1,0,0,0,0.837,0.163,"Business Administration, Social Policy and Social Work"
754,Akkon-Hochschule für Humanwissenschaften,657,657,"min. 195,00",0.967,0,0.033,0,0,0,1,0,"Nursing Science, Social Policy and Social Work"
755,Hochschule für Gesundheit,1404,1404,There are no study fees.,1,0,0,0,0,0,0.915,0.085,Nursing Science
757,Fachhochschule Dresden,503,503,"max. 525,00",0.082,0,0.769,0,0.06,0.089,1,0,"Business Administration, Computer Science, Nursing Science, Social Policy and Social Work"
758,APOLLON Hochschule der Gesundheitswirtschaft,2934,2934,no data,0.789,0,0.211,0,0,0,0.891,0.109,Nursing Science
759,Fliedner Fachhochschule,1588,1588,There are no study fees.,0.336,0,0.664,0,0,0,0.914,0.086,"Nursing Science, Social Policy and Social Work"
761,Philosophisch-Theologische Hochschule Vallendar,389,389,There are no study fees.,0.658,0,0,0.342,0,0,0.118,0.224,Nursing Science
762,SRH Hochschule Hamm,669,669,"min. 320,00",0,0,1,0,0,0,0.646,0.354,"Business Administration, Business Psychology, Industrial Engineering, Social Policy and Social Work"
763,Quadriga Hochschule Berlin,86,86,no data,0,0,1,0,0,0,0,1,Business Administration
766,MSB Medical School Berlin,1545,1545,"min. 390,00",0.14,0,0.86,0,0,0,0.795,0.205,"Psychology, Social Policy and Social Work"
767,Hochschule der Bayerischen Wirtschaft,411,411,"min. 495,00",0,0,0.662,0,0.338,0,0.949,0.051,"Business Administration, Business Informatics, Industrial Engineering, Mechanical Engineering"
769,NBS Hochschule für Management und Sicherheit Hamburg,901,901,no data,0,0,0.992,0,0.008,0,0.998,0.002,"Business Administration, Social Policy and Social Work"
770,Berufsakademie Sachsen,4493,no data available,There are no study fees.,,,,,,,,,"Business Administration, Business Informatics, Civil Engineering, Computer Science, Industrial Engineering, Mechanical Engineering"
771,Internationale Berufsakademie der F+U Unternehmensgruppe,no data available,no data available,"min. 550,00",,,,,,,,,"Business Administration, Social Policy and Social Work"
772,Berufsakademie Sachsen,4493,no data available,There are no study fees.,,,,,,,,,Business Administration
773,Berufsakademie Lüneburg,no data available,no data available,no data,,,,,,,,,"Business Administration, Social Policy and Social Work"
774,IBS IT & Business School Oldenburg,193,193,no data,0,0,0.43,0,0.57,0,1,0,"Business Administration, Business Informatics"
775,Private Berufsakademie Fulda - University of Cooperative Education,no data available,no data available,no data,,,,,,,,,"Business Administration, Industrial Engineering"
776,Berufsakademie Rhein-Main,no data available,no data available,no data,,,,,,,,,"Business Administration (Studiengang Betriebswirtschaftslehre), Business Administration (Studiengang Internationale Betriebswirtschaftslehre & Aussenwirtschaft), Business Informatics"
777,ASW - Berufsakademie Saarland,420,420,"min. 450,00",0,0,0.46,0,0.54,0,1,0,"Business Administration, Business Informatics, Industrial Engineering, Mechanical Engineering"
778,Berufskademie für Gesundheits- und Sozialwesen Saarland,no data available,no data available,no data,,,,,,,,,Nursing Science
779,SRH Hochschule für Gesundheit,1169,1169,"min. 395,00",0.573,0,0.411,0,0,0.015,0.845,0.155,Social Policy and Social Work
780,Hochschule für Künste im Sozialen,297,297,no data,0,0,0,0,0,1,0.902,0.098,Social Policy and Social Work
783,Berlin International - University of Applied Sciences,187,187,no data,0,0,0.251,0,0.497,0.251,1,0,"Business Administration, Business Informatics"
784,VWA-Hochschule für berufsbegleitendes Studium,390,390,"min. 225,00",0,0,1,0,0,0,1,0,"Business Administration, Business Psychology, Industrial Engineering"
785,Berufsakademie Melle,no data available,,no data,,,,,,,,,Social Policy and Social Work
804,Ruprecht-Karls-Universität Heidelberg,28281,1812,There are no study fees.,1,0,0,0,0,0,0,0.043,Medicine
828,Katholische Universität Eichstätt-Ingolstadt,4864,933,There are no study fees.,0,0,1,0,0,0,0.482,0.476,Business Administration
830,Friedrich-Alexander-Universität Erlangen-Nürnberg,37769,9231,There are no study fees.,0.008,0.085,0.706,0.119,0.051,0.03,0.404,0.292,"Business Administration, Business Informatics, Economic Sciences, Economics, German Language and Literature"
834,Technische Universität München,40632,16372,There are no study fees.,0,0.297,0,0,0.703,0,0.518,0.426,"Biotechnology, Business Informatics, Chemistry, Computer Science, Interdisciplinary programmes, Interdisciplinary programmes, Materials Science / Engineering, Mathematics, Mechanical Engineering, Mechatronics, Physics"
877,Hochschule Macromedia,3276,455,"min. 690,00",0,0,0.714,0,0,0.286,0.624,0.105,Business Administration
878,EBS Universität für Wirtschaft und Recht,2012,456,"min. 4.150,00",0,0,1,0,0,0,0,0.156,Law
977,Hochschule Macromedia,3276,528,"max. 895,00",0,0,0.866,0,0,0.134,0.917,0.064,Business Administration
1021,Fachhochschule Salzburg,no data available,no data available,"363,36",0.166,0,0.459,0,0.167,0.208,0.737,0.242,"Electrical / Information Engineering, Social Policy and Social Work"
1022,Fachhochschule Kärnten,2507,1166,"363,36",0,0,0.521,0,0.479,0,0.748,0.241,"Business Administration, Computer Science, Electrical / Information Engineering (Studiengang Electrical Energy & Mobility Systems), Electrical / Information Engineering (Studiengang Integrated Systems and Circuits Design), Industrial Engineering, Mechanical Engineering, Mechatronics"
1023,Fachhochschule Vorarlberg,1478,1478,There are no study fees.,0.055,0,0.428,0,0.401,0.116,0.729,0.271,"Business Administration, Computer Science, Electrical / Information Engineering, Energy Systems, Industrial Engineering, Mechatronics, Social Policy and Social Work"
1024,Fachhochschule St. Pölten,3075,no data available,"363,36",0.147,0,0.367,0,0.486,0,0.62,0.209,Computer Science
1025,FH JOANNEUM,4796,3527,There are no study fees.,0.203,0,0.181,0,0.434,0.181,0.665,0.258,"Computer Science, Electrical / Information Engineering"
1026,Fachhochschule Wiener Neustadt,3800,no data available,"363,36",0.19,0,0.442,0,0.28,0.088,0.672,0.328,"Business Administration (Fachbereich Wirtschaft), Business Administration (Studienbereich Business Consultancy International), Computer Science, Industrial Engineering, Mechatronics, Nursing Science"
1027,Fachhochschule Oberösterreich,5663,2010,"363,36",0,1,0,0,0,0,0.628,0.372,"Energy Systems, Interdisciplinary programmes, Materials Science / Engineering, Mechanical Engineering, Mechatronics (Studiengang Automatisierungstechnik), Mechatronics (Studiengang Mechatronik/Wirtschaft), Mechatronics (Studiengang Automotive Mechatronics and Management), Mechatronics (Studiengang Innovations- und Produktmanagement), Process Engineering"
1028,CAMPUS 02 - Fachhochschule der Wirtschaft,1368,1368,"363,36",0,0,0.572,0,0.428,0,0.676,0.279,"Business Administration (Studienbereich Rechnungswesen & Controlling), Business Administration (Studienbereich Innovationsmanagement), Business Administration (Studienbereich International Marketing & Sales Management), Business Informatics, Mechatronics"
1030,Fachhochschule Campus Wien,6571,5757,"363,36",0.351,0.118,0.281,0,0.25,0,0.734,0.23,Social Policy and Social Work
1031,IMC Fachhochschule Krems,3058,3058,"363,36",0.251,0.115,0.623,0,0.011,0,0.7,0.284,"Biotechnology, Business Administration (International Wine Business), Business Administration (Studienbereich Export-Management), Business Administration (Masterstudiengang Marketing), Business Administration (Studienbereich Unternehmensführung), Business Administration (Bachelor Business Administration), Business Administration (berufsbegleitender Master Management), Business Administration (Studienbereich Umwelt- und Nachhaltigkeitsmanagement), Business Administration (Digital Business Innovation and Transformation), Business Administration (Studienbereich Tourismus), Business Administration (Studienbereich Gesundheitsmanagement), Chemical Engineering, Nursing Science (Gesundheits- und Krankenpflege), Nursing Science (Advanced Nursing Practice)"
1032,Management Center Innsbruck,3324,3324,"363,36",0,0.143,0.677,0,0.181,0,0.695,0.305,"Biotechnology, Business Administration (Studiengänge Wirtschaft und Management), Business Administration (Studiengänge Nonprofit-, Sozial- & Gesundheitsmanagement), Business Administration (Studiengänge Management, Communication & IT), Business Administration (Studiengänge Betriebswirtschaft/Management), Business Administration (Studiengänge Management und Recht), Business Administration (Studiengänge Tourismus), Industrial Engineering, Mechatronics, Process Engineering (Studiengang Lebensmitteltechnologie & Ernährung), Process Engineering (Studiengang Umwelt-, Verfahrens- & Energietechnik), Social Policy and Social Work"
1038,Fachhochschule Kufstein,1980,1980,"363,36",0,0,0.623,0,0.203,0.174,0.604,0.328,"Business Administration, Business Informatics, Industrial Engineering"
1040,Fachhochschule Burgenland,4679,3683,There are no study fees.,,,,,,,0.274,0.234,Computer Science
